Epoch [0/200] Batch 0/938                   Loss D: 0.6956, Loss G: 0.7284
Epoch [0/200] Batch 400/938                   Loss D: 0.0117, Loss G: 18.4306
Epoch [0/200] Batch 800/938                   Loss D: 0.0714, Loss G: 7.6911
Epoch [1/200] Batch 0/938                   Loss D: 0.0133, Loss G: 5.0031
Epoch [1/200] Batch 400/938                   Loss D: 0.0640, Loss G: 3.7039
Epoch [1/200] Batch 800/938                   Loss D: 0.1668, Loss G: 2.7791
Epoch [2/200] Batch 0/938                   Loss D: 0.1514, Loss G: 6.7909
Epoch [2/200] Batch 400/938                   Loss D: 0.0715, Loss G: 6.5319
Epoch [2/200] Batch 800/938                   Loss D: 0.0818, Loss G: 3.5116
Epoch [3/200] Batch 0/938                   Loss D: 0.0650, Loss G: 5.0716
Epoch [3/200] Batch 400/938                   Loss D: 0.0218, Loss G: 6.5258
Epoch [3/200] Batch 800/938                   Loss D: 0.1417, Loss G: 7.5785
Epoch [4/200] Batch 0/938                   Loss D: 0.0439, Loss G: 5.0093
Epoch [4/200] Batch 400/938                   Loss D: 0.0505, Loss G: 8.5018
Epoch [4/200] Batch 800/938                   Loss D: 0.0484, Loss G: 5.1602
Epoch [5/200] Batch 0/938                   Loss D: 0.1223, Loss G: 4.7526
Epoch [5/200] Batch 400/938                   Loss D: 0.1283, Loss G: 3.4783
Epoch [5/200] Batch 800/938                   Loss D: 0.1553, Loss G: 4.7824
Epoch [6/200] Batch 0/938                   Loss D: 0.3489, Loss G: 4.9500
Epoch [6/200] Batch 400/938                   Loss D: 0.1373, Loss G: 2.8502
Epoch [6/200] Batch 800/938                   Loss D: 0.0675, Loss G: 4.5414
Epoch [7/200] Batch 0/938                   Loss D: 0.1512, Loss G: 3.8402
Epoch [7/200] Batch 400/938                   Loss D: 0.2337, Loss G: 2.3597
Epoch [7/200] Batch 800/938                   Loss D: 0.2168, Loss G: 3.9973
Epoch [8/200] Batch 0/938                   Loss D: 0.1013, Loss G: 3.1504
Epoch [8/200] Batch 400/938                   Loss D: 0.1461, Loss G: 3.3668
Epoch [8/200] Batch 800/938                   Loss D: 0.1469, Loss G: 4.0575
Epoch [9/200] Batch 0/938                   Loss D: 0.1874, Loss G: 4.5977
Epoch [9/200] Batch 400/938                   Loss D: 0.1306, Loss G: 4.1217
Epoch [9/200] Batch 800/938                   Loss D: 0.0988, Loss G: 4.9546
Epoch [10/200] Batch 0/938                   Loss D: 0.1264, Loss G: 4.6519
Epoch [10/200] Batch 400/938                   Loss D: 0.2197, Loss G: 4.3647
Epoch [10/200] Batch 800/938                   Loss D: 0.1537, Loss G: 2.8240
Epoch [11/200] Batch 0/938                   Loss D: 0.3442, Loss G: 4.1563
Epoch [11/200] Batch 400/938                   Loss D: 0.2316, Loss G: 2.5120
Epoch [11/200] Batch 800/938                   Loss D: 0.2029, Loss G: 4.5030
Epoch [12/200] Batch 0/938                   Loss D: 0.1929, Loss G: 3.6301
Epoch [12/200] Batch 400/938                   Loss D: 0.1716, Loss G: 2.8465
Epoch [12/200] Batch 800/938                   Loss D: 0.2602, Loss G: 2.1031
Epoch [13/200] Batch 0/938                   Loss D: 0.2207, Loss G: 4.5101
Epoch [13/200] Batch 400/938                   Loss D: 0.2101, Loss G: 3.8458
Epoch [13/200] Batch 800/938                   Loss D: 0.1761, Loss G: 2.5994
Epoch [14/200] Batch 0/938                   Loss D: 0.2020, Loss G: 2.7368
Epoch [14/200] Batch 400/938                   Loss D: 0.1788, Loss G: 2.9708
Epoch [14/200] Batch 800/938                   Loss D: 0.1947, Loss G: 3.1224
Epoch [15/200] Batch 0/938                   Loss D: 0.2603, Loss G: 4.0233
Epoch [15/200] Batch 400/938                   Loss D: 0.1683, Loss G: 3.0655
Epoch [15/200] Batch 800/938                   Loss D: 0.3092, Loss G: 1.8774
Epoch [16/200] Batch 0/938                   Loss D: 0.2390, Loss G: 2.6085
Epoch [16/200] Batch 400/938                   Loss D: 0.2569, Loss G: 2.3923
Epoch [16/200] Batch 800/938                   Loss D: 0.2343, Loss G: 3.4705
Epoch [17/200] Batch 0/938                   Loss D: 0.2050, Loss G: 3.2049
Epoch [17/200] Batch 400/938                   Loss D: 0.2115, Loss G: 3.5275
Epoch [17/200] Batch 800/938                   Loss D: 0.2488, Loss G: 3.2259
Epoch [18/200] Batch 0/938                   Loss D: 0.1773, Loss G: 3.1130
Epoch [18/200] Batch 400/938                   Loss D: 0.2930, Loss G: 1.9559
Epoch [18/200] Batch 800/938                   Loss D: 0.2541, Loss G: 2.4024
Epoch [19/200] Batch 0/938                   Loss D: 0.2535, Loss G: 2.4233
Epoch [19/200] Batch 400/938                   Loss D: 0.3989, Loss G: 3.3736
Epoch [19/200] Batch 800/938                   Loss D: 0.2411, Loss G: 2.6892
Epoch [20/200] Batch 0/938                   Loss D: 0.3896, Loss G: 1.6344
Epoch [20/200] Batch 400/938                   Loss D: 0.3389, Loss G: 2.2611
Epoch [20/200] Batch 800/938                   Loss D: 0.3972, Loss G: 2.9360
Epoch [21/200] Batch 0/938                   Loss D: 0.3104, Loss G: 3.1736
Epoch [21/200] Batch 400/938                   Loss D: 0.4697, Loss G: 2.5974
Epoch [21/200] Batch 800/938                   Loss D: 0.3440, Loss G: 1.9063
Epoch [22/200] Batch 0/938                   Loss D: 0.3441, Loss G: 1.6223
Epoch [22/200] Batch 400/938                   Loss D: 0.3179, Loss G: 3.2379
Epoch [22/200] Batch 800/938                   Loss D: 0.2860, Loss G: 2.6374
Epoch [23/200] Batch 0/938                   Loss D: 0.3074, Loss G: 2.2273
Epoch [23/200] Batch 400/938                   Loss D: 0.3412, Loss G: 1.6835
Epoch [23/200] Batch 800/938                   Loss D: 0.3151, Loss G: 1.7452
Epoch [24/200] Batch 0/938                   Loss D: 0.3546, Loss G: 3.1677
Epoch [24/200] Batch 400/938                   Loss D: 0.3076, Loss G: 2.3141
Epoch [24/200] Batch 800/938                   Loss D: 0.2839, Loss G: 2.3612
Epoch [25/200] Batch 0/938                   Loss D: 0.3864, Loss G: 2.2905
Epoch [25/200] Batch 400/938                   Loss D: 0.4016, Loss G: 2.8160
Epoch [25/200] Batch 800/938                   Loss D: 0.3606, Loss G: 2.0540
Epoch [26/200] Batch 0/938                   Loss D: 0.4154, Loss G: 2.4939
Epoch [26/200] Batch 400/938                   Loss D: 0.3456, Loss G: 2.0093
Epoch [26/200] Batch 800/938                   Loss D: 0.3218, Loss G: 1.7499
Epoch [27/200] Batch 0/938                   Loss D: 0.3823, Loss G: 2.3092
Epoch [27/200] Batch 400/938                   Loss D: 0.4522, Loss G: 1.2278
Epoch [27/200] Batch 800/938                   Loss D: 0.3579, Loss G: 2.0428
Epoch [28/200] Batch 0/938                   Loss D: 0.3987, Loss G: 1.3898
Epoch [28/200] Batch 400/938                   Loss D: 0.3765, Loss G: 1.7026
Epoch [28/200] Batch 800/938                   Loss D: 0.3657, Loss G: 1.3394
Epoch [29/200] Batch 0/938                   Loss D: 0.4397, Loss G: 1.4111
Epoch [29/200] Batch 400/938                   Loss D: 0.4206, Loss G: 2.0627
Epoch [29/200] Batch 800/938                   Loss D: 0.3446, Loss G: 1.6399
Epoch [30/200] Batch 0/938                   Loss D: 0.3522, Loss G: 1.4715
Epoch [30/200] Batch 400/938                   Loss D: 0.4410, Loss G: 2.0158
Epoch [30/200] Batch 800/938                   Loss D: 0.4634, Loss G: 2.3438
Epoch [31/200] Batch 0/938                   Loss D: 0.3732, Loss G: 1.5185
Epoch [31/200] Batch 400/938                   Loss D: 0.5036, Loss G: 1.1656
Epoch [31/200] Batch 800/938                   Loss D: 0.4092, Loss G: 1.6566
Epoch [32/200] Batch 0/938                   Loss D: 0.4429, Loss G: 1.2040
Epoch [32/200] Batch 400/938                   Loss D: 0.3755, Loss G: 1.9850
Epoch [32/200] Batch 800/938                   Loss D: 0.4836, Loss G: 1.4613
Epoch [33/200] Batch 0/938                   Loss D: 0.5404, Loss G: 1.0382
Epoch [33/200] Batch 400/938                   Loss D: 0.3268, Loss G: 2.3072
Epoch [33/200] Batch 800/938                   Loss D: 0.4479, Loss G: 1.1983
Epoch [34/200] Batch 0/938                   Loss D: 0.4195, Loss G: 2.1173
Epoch [34/200] Batch 400/938                   Loss D: 0.4453, Loss G: 1.5906
Epoch [34/200] Batch 800/938                   Loss D: 0.4302, Loss G: 1.6702
Epoch [35/200] Batch 0/938                   Loss D: 0.4189, Loss G: 1.2437
Epoch [35/200] Batch 400/938                   Loss D: 0.4013, Loss G: 1.6708
Epoch [35/200] Batch 800/938                   Loss D: 0.5167, Loss G: 1.0788
Epoch [36/200] Batch 0/938                   Loss D: 0.5105, Loss G: 1.1824
Epoch [36/200] Batch 400/938                   Loss D: 0.4719, Loss G: 2.1418
Epoch [36/200] Batch 800/938                   Loss D: 0.4013, Loss G: 1.5267
Epoch [37/200] Batch 0/938                   Loss D: 0.4264, Loss G: 1.2871
Epoch [37/200] Batch 400/938                   Loss D: 0.4535, Loss G: 1.6168
Epoch [37/200] Batch 800/938                   Loss D: 0.4145, Loss G: 1.8501
Epoch [38/200] Batch 0/938                   Loss D: 0.4576, Loss G: 1.5034
Epoch [38/200] Batch 400/938                   Loss D: 0.4891, Loss G: 1.5329
Epoch [38/200] Batch 800/938                   Loss D: 0.4475, Loss G: 1.2888
Epoch [39/200] Batch 0/938                   Loss D: 0.4792, Loss G: 1.1727
Epoch [39/200] Batch 400/938                   Loss D: 0.3492, Loss G: 1.4119
Epoch [39/200] Batch 800/938                   Loss D: 0.5009, Loss G: 1.8816
Epoch [40/200] Batch 0/938                   Loss D: 0.4770, Loss G: 1.1829
Epoch [40/200] Batch 400/938                   Loss D: 0.4325, Loss G: 1.7066
Epoch [40/200] Batch 800/938                   Loss D: 0.5054, Loss G: 2.0152
Epoch [41/200] Batch 0/938                   Loss D: 0.4817, Loss G: 1.4286
Epoch [41/200] Batch 400/938                   Loss D: 0.4326, Loss G: 1.3490
Epoch [41/200] Batch 800/938                   Loss D: 0.4807, Loss G: 1.2420
Epoch [42/200] Batch 0/938                   Loss D: 0.4935, Loss G: 1.2482
Epoch [42/200] Batch 400/938                   Loss D: 0.4753, Loss G: 1.8158
Epoch [42/200] Batch 800/938                   Loss D: 0.5589, Loss G: 2.3698
Epoch [43/200] Batch 0/938                   Loss D: 0.5507, Loss G: 1.0732
Epoch [43/200] Batch 400/938                   Loss D: 0.3699, Loss G: 1.5511
Epoch [43/200] Batch 800/938                   Loss D: 0.4414, Loss G: 1.8221
Epoch [44/200] Batch 0/938                   Loss D: 0.5105, Loss G: 1.2178
Epoch [44/200] Batch 400/938                   Loss D: 0.4185, Loss G: 1.3301
Epoch [44/200] Batch 800/938                   Loss D: 0.4648, Loss G: 1.7560
Epoch [45/200] Batch 0/938                   Loss D: 0.4664, Loss G: 1.3441
Epoch [45/200] Batch 400/938                   Loss D: 0.4779, Loss G: 1.3307
Epoch [45/200] Batch 800/938                   Loss D: 0.4162, Loss G: 1.7896
Epoch [46/200] Batch 0/938                   Loss D: 0.4886, Loss G: 1.0878
Epoch [46/200] Batch 400/938                   Loss D: 0.5047, Loss G: 0.9728
Epoch [46/200] Batch 800/938                   Loss D: 0.5239, Loss G: 1.4992
Epoch [47/200] Batch 0/938                   Loss D: 0.4667, Loss G: 1.0732
Epoch [47/200] Batch 400/938                   Loss D: 0.4328, Loss G: 1.2966
Epoch [47/200] Batch 800/938                   Loss D: 0.5285, Loss G: 1.4380
Epoch [48/200] Batch 0/938                   Loss D: 0.5674, Loss G: 0.9554
Epoch [48/200] Batch 400/938                   Loss D: 0.4575, Loss G: 1.9701
Epoch [48/200] Batch 800/938                   Loss D: 0.4361, Loss G: 1.4953
Epoch [49/200] Batch 0/938                   Loss D: 0.4237, Loss G: 1.7564
Epoch [49/200] Batch 400/938                   Loss D: 0.4526, Loss G: 1.3770
Epoch [49/200] Batch 800/938                   Loss D: 0.5021, Loss G: 1.4639
Epoch [50/200] Batch 0/938                   Loss D: 0.5337, Loss G: 1.1241
Epoch [50/200] Batch 400/938                   Loss D: 0.4894, Loss G: 1.2697
Epoch [50/200] Batch 800/938                   Loss D: 0.4137, Loss G: 1.5477
Epoch [51/200] Batch 0/938                   Loss D: 0.4793, Loss G: 1.5238
Epoch [51/200] Batch 400/938                   Loss D: 0.5333, Loss G: 1.5229
Epoch [51/200] Batch 800/938                   Loss D: 0.4916, Loss G: 1.9742
Epoch [52/200] Batch 0/938                   Loss D: 0.4863, Loss G: 1.2811
Epoch [52/200] Batch 400/938                   Loss D: 0.4970, Loss G: 1.3248
Epoch [52/200] Batch 800/938                   Loss D: 0.4463, Loss G: 1.9416
Epoch [53/200] Batch 0/938                   Loss D: 0.4608, Loss G: 1.1010
Epoch [53/200] Batch 400/938                   Loss D: 0.4775, Loss G: 1.4189
Epoch [53/200] Batch 800/938                   Loss D: 0.5364, Loss G: 1.3385
Epoch [54/200] Batch 0/938                   Loss D: 0.4261, Loss G: 1.4664
Epoch [54/200] Batch 400/938                   Loss D: 0.4843, Loss G: 2.1394
Epoch [54/200] Batch 800/938                   Loss D: 0.5051, Loss G: 1.1073
Epoch [55/200] Batch 0/938                   Loss D: 0.5007, Loss G: 1.4318
Epoch [55/200] Batch 400/938                   Loss D: 0.5022, Loss G: 1.0500
Epoch [55/200] Batch 800/938                   Loss D: 0.5412, Loss G: 1.2189
Epoch [56/200] Batch 0/938                   Loss D: 0.5177, Loss G: 1.1745
Epoch [56/200] Batch 400/938                   Loss D: 0.5727, Loss G: 1.7685
Epoch [56/200] Batch 800/938                   Loss D: 0.5115, Loss G: 1.3270
Epoch [57/200] Batch 0/938                   Loss D: 0.4659, Loss G: 1.2960
Epoch [57/200] Batch 400/938                   Loss D: 0.4161, Loss G: 1.5216
Epoch [57/200] Batch 800/938                   Loss D: 0.4482, Loss G: 1.2456
Epoch [58/200] Batch 0/938                   Loss D: 0.5373, Loss G: 1.6470
Epoch [58/200] Batch 400/938                   Loss D: 0.4704, Loss G: 1.2674
Epoch [58/200] Batch 800/938                   Loss D: 0.4680, Loss G: 1.2707
Epoch [59/200] Batch 0/938                   Loss D: 0.4244, Loss G: 1.1852
Epoch [59/200] Batch 400/938                   Loss D: 0.5235, Loss G: 1.4433
Epoch [59/200] Batch 800/938                   Loss D: 0.4227, Loss G: 1.4191
Epoch [60/200] Batch 0/938                   Loss D: 0.5335, Loss G: 1.3193
Epoch [60/200] Batch 400/938                   Loss D: 0.5193, Loss G: 1.3438
Epoch [60/200] Batch 800/938                   Loss D: 0.5913, Loss G: 0.9231
Epoch [61/200] Batch 0/938                   Loss D: 0.4799, Loss G: 1.2886
Epoch [61/200] Batch 400/938                   Loss D: 0.4991, Loss G: 1.3221
Epoch [61/200] Batch 800/938                   Loss D: 0.5078, Loss G: 1.5374
Epoch [62/200] Batch 0/938                   Loss D: 0.5277, Loss G: 1.6690
Epoch [62/200] Batch 400/938                   Loss D: 0.5231, Loss G: 1.9253
Epoch [62/200] Batch 800/938                   Loss D: 0.4790, Loss G: 1.3619
Epoch [63/200] Batch 0/938                   Loss D: 0.4775, Loss G: 1.1814
Epoch [63/200] Batch 400/938                   Loss D: 0.5417, Loss G: 1.8524
Epoch [63/200] Batch 800/938                   Loss D: 0.4927, Loss G: 1.6143
Epoch [64/200] Batch 0/938                   Loss D: 0.5020, Loss G: 1.2231
Epoch [64/200] Batch 400/938                   Loss D: 0.4935, Loss G: 1.1078
Epoch [64/200] Batch 800/938                   Loss D: 0.4381, Loss G: 1.4536
Epoch [65/200] Batch 0/938                   Loss D: 0.4720, Loss G: 1.3038
Epoch [65/200] Batch 400/938                   Loss D: 0.5092, Loss G: 1.3361
Epoch [65/200] Batch 800/938                   Loss D: 0.5034, Loss G: 1.4860
Epoch [66/200] Batch 0/938                   Loss D: 0.4875, Loss G: 1.1835
Epoch [66/200] Batch 400/938                   Loss D: 0.4115, Loss G: 1.5764
Epoch [66/200] Batch 800/938                   Loss D: 0.4686, Loss G: 1.4245
Epoch [67/200] Batch 0/938                   Loss D: 0.5846, Loss G: 0.9663
Epoch [67/200] Batch 400/938                   Loss D: 0.4670, Loss G: 1.4197
Epoch [67/200] Batch 800/938                   Loss D: 0.4325, Loss G: 1.2715
Epoch [68/200] Batch 0/938                   Loss D: 0.5700, Loss G: 0.9281
Epoch [68/200] Batch 400/938                   Loss D: 0.5977, Loss G: 0.8125
Epoch [68/200] Batch 800/938                   Loss D: 0.5169, Loss G: 0.9810
Epoch [69/200] Batch 0/938                   Loss D: 0.5220, Loss G: 1.6689
Epoch [69/200] Batch 400/938                   Loss D: 0.5694, Loss G: 1.0972
Epoch [69/200] Batch 800/938                   Loss D: 0.4661, Loss G: 1.2342
Epoch [70/200] Batch 0/938                   Loss D: 0.5478, Loss G: 2.1425
Epoch [70/200] Batch 400/938                   Loss D: 0.4444, Loss G: 1.2105
Epoch [70/200] Batch 800/938                   Loss D: 0.4930, Loss G: 1.7303
Epoch [71/200] Batch 0/938                   Loss D: 0.4197, Loss G: 1.5629
Epoch [71/200] Batch 400/938                   Loss D: 0.5199, Loss G: 1.2766
Epoch [71/200] Batch 800/938                   Loss D: 0.5228, Loss G: 1.1414
Epoch [72/200] Batch 0/938                   Loss D: 0.5324, Loss G: 1.5003
Epoch [72/200] Batch 400/938                   Loss D: 0.5377, Loss G: 1.1971
Epoch [72/200] Batch 800/938                   Loss D: 0.4468, Loss G: 1.3781
Epoch [73/200] Batch 0/938                   Loss D: 0.4325, Loss G: 1.3655
Epoch [73/200] Batch 400/938                   Loss D: 0.5661, Loss G: 1.1187
Epoch [73/200] Batch 800/938                   Loss D: 0.4786, Loss G: 1.3590
Epoch [74/200] Batch 0/938                   Loss D: 0.4693, Loss G: 1.2524
Epoch [74/200] Batch 400/938                   Loss D: 0.5239, Loss G: 0.9997
Epoch [74/200] Batch 800/938                   Loss D: 0.4450, Loss G: 1.7080
Epoch [75/200] Batch 0/938                   Loss D: 0.5224, Loss G: 1.2271
Epoch [75/200] Batch 400/938                   Loss D: 0.4919, Loss G: 1.1042
Epoch [75/200] Batch 800/938                   Loss D: 0.6083, Loss G: 1.4541
Epoch [76/200] Batch 0/938                   Loss D: 0.4859, Loss G: 1.1374
Epoch [76/200] Batch 400/938                   Loss D: 0.4524, Loss G: 1.3085
Epoch [76/200] Batch 800/938                   Loss D: 0.3994, Loss G: 1.5285
Epoch [77/200] Batch 0/938                   Loss D: 0.4356, Loss G: 1.2646
Epoch [77/200] Batch 400/938                   Loss D: 0.5375, Loss G: 1.3776
Epoch [77/200] Batch 800/938                   Loss D: 0.4533, Loss G: 1.3260
Epoch [78/200] Batch 0/938                   Loss D: 0.5148, Loss G: 1.1698
Epoch [78/200] Batch 400/938                   Loss D: 0.4934, Loss G: 1.2822
Epoch [78/200] Batch 800/938                   Loss D: 0.4981, Loss G: 1.6284
Epoch [79/200] Batch 0/938                   Loss D: 0.4836, Loss G: 1.3389
Epoch [79/200] Batch 400/938                   Loss D: 0.4739, Loss G: 1.2659
Epoch [79/200] Batch 800/938                   Loss D: 0.5557, Loss G: 1.5942
Epoch [80/200] Batch 0/938                   Loss D: 0.4714, Loss G: 1.2933
Epoch [80/200] Batch 400/938                   Loss D: 0.5205, Loss G: 1.2424
Epoch [80/200] Batch 800/938                   Loss D: 0.6414, Loss G: 1.2112
Epoch [81/200] Batch 0/938                   Loss D: 0.5143, Loss G: 1.4747
Epoch [81/200] Batch 400/938                   Loss D: 0.5728, Loss G: 0.8142
Epoch [81/200] Batch 800/938                   Loss D: 0.4933, Loss G: 1.4347
Epoch [82/200] Batch 0/938                   Loss D: 0.4729, Loss G: 1.3342
Epoch [82/200] Batch 400/938                   Loss D: 0.5325, Loss G: 1.7283
Epoch [82/200] Batch 800/938                   Loss D: 0.5556, Loss G: 0.9980
Epoch [83/200] Batch 0/938                   Loss D: 0.4257, Loss G: 1.4785
Epoch [83/200] Batch 400/938                   Loss D: 0.5560, Loss G: 1.2958
Epoch [83/200] Batch 800/938                   Loss D: 0.4462, Loss G: 1.7541
Epoch [84/200] Batch 0/938                   Loss D: 0.5304, Loss G: 1.6111
Epoch [84/200] Batch 400/938                   Loss D: 0.4670, Loss G: 1.2370
Epoch [84/200] Batch 800/938                   Loss D: 0.5601, Loss G: 1.3158
Epoch [85/200] Batch 0/938                   Loss D: 0.5497, Loss G: 0.9685
Epoch [85/200] Batch 400/938                   Loss D: 0.4793, Loss G: 1.4172
Epoch [85/200] Batch 800/938                   Loss D: 0.4907, Loss G: 1.3752
Epoch [86/200] Batch 0/938                   Loss D: 0.5427, Loss G: 1.2293
Epoch [86/200] Batch 400/938                   Loss D: 0.5263, Loss G: 1.4148
Epoch [86/200] Batch 800/938                   Loss D: 0.5580, Loss G: 1.4119
Epoch [87/200] Batch 0/938                   Loss D: 0.5847, Loss G: 2.0490
Epoch [87/200] Batch 400/938                   Loss D: 0.5459, Loss G: 1.2245
Epoch [87/200] Batch 800/938                   Loss D: 0.5025, Loss G: 1.4092
Epoch [88/200] Batch 0/938                   Loss D: 0.5743, Loss G: 1.5516
Epoch [88/200] Batch 400/938                   Loss D: 0.4970, Loss G: 1.7636
Epoch [88/200] Batch 800/938                   Loss D: 0.5526, Loss G: 0.9161
Epoch [89/200] Batch 0/938                   Loss D: 0.4694, Loss G: 1.2215
Epoch [89/200] Batch 400/938                   Loss D: 0.5184, Loss G: 1.1163
Epoch [89/200] Batch 800/938                   Loss D: 0.5237, Loss G: 1.0644
Epoch [90/200] Batch 0/938                   Loss D: 0.5769, Loss G: 0.9631
Epoch [90/200] Batch 400/938                   Loss D: 0.4344, Loss G: 1.6728
Epoch [90/200] Batch 800/938                   Loss D: 0.5605, Loss G: 1.0961
Epoch [91/200] Batch 0/938                   Loss D: 0.4935, Loss G: 1.6925
Epoch [91/200] Batch 400/938                   Loss D: 0.4443, Loss G: 1.4707
Epoch [91/200] Batch 800/938                   Loss D: 0.5521, Loss G: 1.1431
Epoch [92/200] Batch 0/938                   Loss D: 0.5466, Loss G: 1.1656
Epoch [92/200] Batch 400/938                   Loss D: 0.5395, Loss G: 1.7642
Epoch [92/200] Batch 800/938                   Loss D: 0.3956, Loss G: 1.6759
Epoch [93/200] Batch 0/938                   Loss D: 0.4839, Loss G: 1.3444
Epoch [93/200] Batch 400/938                   Loss D: 0.5261, Loss G: 1.2002
Epoch [93/200] Batch 800/938                   Loss D: 0.4563, Loss G: 1.6844
Epoch [94/200] Batch 0/938                   Loss D: 0.5498, Loss G: 1.1106
Epoch [94/200] Batch 400/938                   Loss D: 0.4859, Loss G: 1.2086
Epoch [94/200] Batch 800/938                   Loss D: 0.5510, Loss G: 1.5344
Epoch [95/200] Batch 0/938                   Loss D: 0.5463, Loss G: 1.4787
Epoch [95/200] Batch 400/938                   Loss D: 0.5250, Loss G: 1.2286
Epoch [95/200] Batch 800/938                   Loss D: 0.4756, Loss G: 1.4553
Epoch [96/200] Batch 0/938                   Loss D: 0.5145, Loss G: 1.2253
Epoch [96/200] Batch 400/938                   Loss D: 0.4779, Loss G: 1.5596
Epoch [96/200] Batch 800/938                   Loss D: 0.6135, Loss G: 0.8058
Epoch [97/200] Batch 0/938                   Loss D: 0.5725, Loss G: 1.2867
Epoch [97/200] Batch 400/938                   Loss D: 0.5269, Loss G: 1.0915
Epoch [97/200] Batch 800/938                   Loss D: 0.4996, Loss G: 1.8861
Epoch [98/200] Batch 0/938                   Loss D: 0.5320, Loss G: 1.0819
Epoch [98/200] Batch 400/938                   Loss D: 0.4493, Loss G: 1.2646
Epoch [98/200] Batch 800/938                   Loss D: 0.4339, Loss G: 1.6193
Epoch [99/200] Batch 0/938                   Loss D: 0.5394, Loss G: 1.5200
Epoch [99/200] Batch 400/938                   Loss D: 0.5041, Loss G: 1.1389
Epoch [99/200] Batch 800/938                   Loss D: 0.4649, Loss G: 1.1619
Epoch [100/200] Batch 0/938                   Loss D: 0.4969, Loss G: 1.3388
Epoch [100/200] Batch 400/938                   Loss D: 0.5822, Loss G: 0.9508
Epoch [100/200] Batch 800/938                   Loss D: 0.5050, Loss G: 1.4724
Epoch [101/200] Batch 0/938                   Loss D: 0.4617, Loss G: 1.2443
Epoch [101/200] Batch 400/938                   Loss D: 0.5005, Loss G: 1.1044
Epoch [101/200] Batch 800/938                   Loss D: 0.5026, Loss G: 1.4961
Epoch [102/200] Batch 0/938                   Loss D: 0.4766, Loss G: 1.5257
Epoch [102/200] Batch 400/938                   Loss D: 0.4882, Loss G: 1.9276
Epoch [102/200] Batch 800/938                   Loss D: 0.4624, Loss G: 1.3819
Epoch [103/200] Batch 0/938                   Loss D: 0.3948, Loss G: 1.5640
Epoch [103/200] Batch 400/938                   Loss D: 0.4803, Loss G: 1.8442
Epoch [103/200] Batch 800/938                   Loss D: 0.5083, Loss G: 1.4568
Epoch [104/200] Batch 0/938                   Loss D: 0.5350, Loss G: 1.0950
Epoch [104/200] Batch 400/938                   Loss D: 0.4778, Loss G: 1.9695
Epoch [104/200] Batch 800/938                   Loss D: 0.5487, Loss G: 1.0359
Epoch [105/200] Batch 0/938                   Loss D: 0.4834, Loss G: 1.2911
Epoch [105/200] Batch 400/938                   Loss D: 0.4348, Loss G: 1.0782
Epoch [105/200] Batch 800/938                   Loss D: 0.5177, Loss G: 1.3038
Epoch [106/200] Batch 0/938                   Loss D: 0.4506, Loss G: 1.4708
Epoch [106/200] Batch 400/938                   Loss D: 0.5937, Loss G: 1.5443
Epoch [106/200] Batch 800/938                   Loss D: 0.4518, Loss G: 1.5204
Epoch [107/200] Batch 0/938                   Loss D: 0.4525, Loss G: 1.5730
Epoch [107/200] Batch 400/938                   Loss D: 0.4670, Loss G: 1.2719
Epoch [107/200] Batch 800/938                   Loss D: 0.5171, Loss G: 1.4323
Epoch [108/200] Batch 0/938                   Loss D: 0.5766, Loss G: 1.4887
Epoch [108/200] Batch 400/938                   Loss D: 0.4544, Loss G: 1.3586
Epoch [108/200] Batch 800/938                   Loss D: 0.5329, Loss G: 1.0591
Epoch [109/200] Batch 0/938                   Loss D: 0.4600, Loss G: 1.6258
Epoch [109/200] Batch 400/938                   Loss D: 0.4994, Loss G: 1.1660
Epoch [109/200] Batch 800/938                   Loss D: 0.5468, Loss G: 1.1853
Epoch [110/200] Batch 0/938                   Loss D: 0.4611, Loss G: 1.9155
Epoch [110/200] Batch 400/938                   Loss D: 0.5074, Loss G: 1.2541
Epoch [110/200] Batch 800/938                   Loss D: 0.4756, Loss G: 1.3942
Epoch [111/200] Batch 0/938                   Loss D: 0.5639, Loss G: 1.6105
Epoch [111/200] Batch 400/938                   Loss D: 0.5442, Loss G: 0.9667
Epoch [111/200] Batch 800/938                   Loss D: 0.5046, Loss G: 1.6831
Epoch [112/200] Batch 0/938                   Loss D: 0.5559, Loss G: 1.4347
Epoch [112/200] Batch 400/938                   Loss D: 0.4513, Loss G: 1.3157
Epoch [112/200] Batch 800/938                   Loss D: 0.4194, Loss G: 1.2477
Epoch [113/200] Batch 0/938                   Loss D: 0.4875, Loss G: 1.4589
Epoch [113/200] Batch 400/938                   Loss D: 0.5724, Loss G: 0.9593
Epoch [113/200] Batch 800/938                   Loss D: 0.5430, Loss G: 1.3109
Epoch [114/200] Batch 0/938                   Loss D: 0.4242, Loss G: 1.3706
Epoch [114/200] Batch 400/938                   Loss D: 0.4841, Loss G: 1.6683
Epoch [114/200] Batch 800/938                   Loss D: 0.5316, Loss G: 1.3662
Epoch [115/200] Batch 0/938                   Loss D: 0.5149, Loss G: 1.1840
Epoch [115/200] Batch 400/938                   Loss D: 0.4793, Loss G: 1.3588
Epoch [115/200] Batch 800/938                   Loss D: 0.4424, Loss G: 1.3485
Epoch [116/200] Batch 0/938                   Loss D: 0.5510, Loss G: 1.2982
Epoch [116/200] Batch 400/938                   Loss D: 0.4246, Loss G: 1.4826
Epoch [116/200] Batch 800/938                   Loss D: 0.5204, Loss G: 1.0582
Epoch [117/200] Batch 0/938                   Loss D: 0.4655, Loss G: 1.6952
Epoch [117/200] Batch 400/938                   Loss D: 0.4039, Loss G: 1.7768
Epoch [117/200] Batch 800/938                   Loss D: 0.4452, Loss G: 1.3818
Epoch [118/200] Batch 0/938                   Loss D: 0.4706, Loss G: 1.3383
Epoch [118/200] Batch 400/938                   Loss D: 0.4535, Loss G: 1.5640
Epoch [118/200] Batch 800/938                   Loss D: 0.4284, Loss G: 1.6905
Epoch [119/200] Batch 0/938                   Loss D: 0.4512, Loss G: 1.4728
Epoch [119/200] Batch 400/938                   Loss D: 0.4465, Loss G: 1.1943
Epoch [119/200] Batch 800/938                   Loss D: 0.5160, Loss G: 1.5332
Epoch [120/200] Batch 0/938                   Loss D: 0.4450, Loss G: 1.4608
Epoch [120/200] Batch 400/938                   Loss D: 0.4945, Loss G: 1.2701
Epoch [120/200] Batch 800/938                   Loss D: 0.5992, Loss G: 1.1281
Epoch [121/200] Batch 0/938                   Loss D: 0.5329, Loss G: 1.1546
Epoch [121/200] Batch 400/938                   Loss D: 0.3929, Loss G: 1.4689
Epoch [121/200] Batch 800/938                   Loss D: 0.5761, Loss G: 1.2785
Epoch [122/200] Batch 0/938                   Loss D: 0.5292, Loss G: 1.1902
Epoch [122/200] Batch 400/938                   Loss D: 0.4829, Loss G: 1.4522
Epoch [122/200] Batch 800/938                   Loss D: 0.5453, Loss G: 1.3101
Epoch [123/200] Batch 0/938                   Loss D: 0.5101, Loss G: 1.1271
Epoch [123/200] Batch 400/938                   Loss D: 0.4429, Loss G: 1.3727
Epoch [123/200] Batch 800/938                   Loss D: 0.4306, Loss G: 1.8208
Epoch [124/200] Batch 0/938                   Loss D: 0.5145, Loss G: 1.5397
Epoch [124/200] Batch 400/938                   Loss D: 0.5176, Loss G: 1.6277
Epoch [124/200] Batch 800/938                   Loss D: 0.4336, Loss G: 1.7369
Epoch [125/200] Batch 0/938                   Loss D: 0.4296, Loss G: 1.5151
Epoch [125/200] Batch 400/938                   Loss D: 0.4693, Loss G: 1.3540
Epoch [125/200] Batch 800/938                   Loss D: 0.4860, Loss G: 1.4190
Epoch [126/200] Batch 0/938                   Loss D: 0.4715, Loss G: 1.5908
Epoch [126/200] Batch 400/938                   Loss D: 0.4574, Loss G: 1.5764
Epoch [126/200] Batch 800/938                   Loss D: 0.4662, Loss G: 1.5274
Epoch [127/200] Batch 0/938                   Loss D: 0.4780, Loss G: 1.7541
Epoch [127/200] Batch 400/938                   Loss D: 0.4441, Loss G: 1.5140
Epoch [127/200] Batch 800/938                   Loss D: 0.5049, Loss G: 1.3288
Epoch [128/200] Batch 0/938                   Loss D: 0.5802, Loss G: 1.2788
Epoch [128/200] Batch 400/938                   Loss D: 0.4556, Loss G: 1.5549
Epoch [128/200] Batch 800/938                   Loss D: 0.5471, Loss G: 1.2311
Epoch [129/200] Batch 0/938                   Loss D: 0.5046, Loss G: 1.7902
Epoch [129/200] Batch 400/938                   Loss D: 0.4714, Loss G: 1.2873
Epoch [129/200] Batch 800/938                   Loss D: 0.4856, Loss G: 1.3004
Epoch [130/200] Batch 0/938                   Loss D: 0.4416, Loss G: 1.4847
Epoch [130/200] Batch 400/938                   Loss D: 0.4419, Loss G: 1.3568
Epoch [130/200] Batch 800/938                   Loss D: 0.5061, Loss G: 1.1867
Epoch [131/200] Batch 0/938                   Loss D: 0.5225, Loss G: 1.5859
Epoch [131/200] Batch 400/938                   Loss D: 0.4910, Loss G: 1.7493
Epoch [131/200] Batch 800/938                   Loss D: 0.5068, Loss G: 1.1341
Epoch [132/200] Batch 0/938                   Loss D: 0.5225, Loss G: 1.4633
Epoch [132/200] Batch 400/938                   Loss D: 0.4970, Loss G: 1.6110
Epoch [132/200] Batch 800/938                   Loss D: 0.4834, Loss G: 1.4257
Epoch [133/200] Batch 0/938                   Loss D: 0.5593, Loss G: 0.9142
Epoch [133/200] Batch 400/938                   Loss D: 0.5025, Loss G: 1.2681
Epoch [133/200] Batch 800/938                   Loss D: 0.5443, Loss G: 1.4305
Epoch [134/200] Batch 0/938                   Loss D: 0.5041, Loss G: 1.4800
Epoch [134/200] Batch 400/938                   Loss D: 0.4766, Loss G: 1.5665
Epoch [134/200] Batch 800/938                   Loss D: 0.5236, Loss G: 1.4916
Epoch [135/200] Batch 0/938                   Loss D: 0.4977, Loss G: 1.6113
Epoch [135/200] Batch 400/938                   Loss D: 0.4917, Loss G: 1.3704
Epoch [135/200] Batch 800/938                   Loss D: 0.5517, Loss G: 1.0681
Epoch [136/200] Batch 0/938                   Loss D: 0.4800, Loss G: 1.1554
Epoch [136/200] Batch 400/938                   Loss D: 0.4961, Loss G: 1.0937
Epoch [136/200] Batch 800/938                   Loss D: 0.6245, Loss G: 1.3534
Epoch [137/200] Batch 0/938                   Loss D: 0.4698, Loss G: 1.5638
Epoch [137/200] Batch 400/938                   Loss D: 0.4939, Loss G: 1.2956
Epoch [137/200] Batch 800/938                   Loss D: 0.4394, Loss G: 1.2862
Epoch [138/200] Batch 0/938                   Loss D: 0.5157, Loss G: 1.0162
Epoch [138/200] Batch 400/938                   Loss D: 0.5082, Loss G: 1.6657
Epoch [138/200] Batch 800/938                   Loss D: 0.5472, Loss G: 1.4270
Epoch [139/200] Batch 0/938                   Loss D: 0.5170, Loss G: 1.0641
Epoch [139/200] Batch 400/938                   Loss D: 0.4916, Loss G: 1.2288
Epoch [139/200] Batch 800/938                   Loss D: 0.4609, Loss G: 1.3663
Epoch [140/200] Batch 0/938                   Loss D: 0.4747, Loss G: 1.5159
Epoch [140/200] Batch 400/938                   Loss D: 0.3970, Loss G: 1.5795
Epoch [140/200] Batch 800/938                   Loss D: 0.4716, Loss G: 1.3346
Epoch [141/200] Batch 0/938                   Loss D: 0.5261, Loss G: 1.5237
Epoch [141/200] Batch 400/938                   Loss D: 0.3879, Loss G: 1.6372
Epoch [141/200] Batch 800/938                   Loss D: 0.4364, Loss G: 1.8065
Epoch [142/200] Batch 0/938                   Loss D: 0.4729, Loss G: 1.8958
Epoch [142/200] Batch 400/938                   Loss D: 0.4947, Loss G: 1.5997
Epoch [142/200] Batch 800/938                   Loss D: 0.4627, Loss G: 1.6727
Epoch [143/200] Batch 0/938                   Loss D: 0.5182, Loss G: 1.2669
Epoch [143/200] Batch 400/938                   Loss D: 0.4381, Loss G: 1.4977
Epoch [143/200] Batch 800/938                   Loss D: 0.4464, Loss G: 1.6973
Epoch [144/200] Batch 0/938                   Loss D: 0.5400, Loss G: 1.6592
Epoch [144/200] Batch 400/938                   Loss D: 0.4651, Loss G: 1.7551
Epoch [144/200] Batch 800/938                   Loss D: 0.5365, Loss G: 1.1984
Epoch [145/200] Batch 0/938                   Loss D: 0.4762, Loss G: 1.7043
Epoch [145/200] Batch 400/938                   Loss D: 0.4327, Loss G: 1.6416
Epoch [145/200] Batch 800/938                   Loss D: 0.5680, Loss G: 1.5364
Epoch [146/200] Batch 0/938                   Loss D: 0.4877, Loss G: 1.1789
Epoch [146/200] Batch 400/938                   Loss D: 0.4816, Loss G: 1.5224
Epoch [146/200] Batch 800/938                   Loss D: 0.5626, Loss G: 1.1652
Epoch [147/200] Batch 0/938                   Loss D: 0.5330, Loss G: 1.6190
Epoch [147/200] Batch 400/938                   Loss D: 0.4801, Loss G: 1.3816
Epoch [147/200] Batch 800/938                   Loss D: 0.4946, Loss G: 1.3371
Epoch [148/200] Batch 0/938                   Loss D: 0.4941, Loss G: 1.5256
Epoch [148/200] Batch 400/938                   Loss D: 0.4563, Loss G: 1.6813
Epoch [148/200] Batch 800/938                   Loss D: 0.4644, Loss G: 1.0660
Epoch [149/200] Batch 0/938                   Loss D: 0.4103, Loss G: 1.6973
Epoch [149/200] Batch 400/938                   Loss D: 0.4840, Loss G: 1.5947
Epoch [149/200] Batch 800/938                   Loss D: 0.5417, Loss G: 1.5528
Epoch [150/200] Batch 0/938                   Loss D: 0.4321, Loss G: 1.3464
Epoch [150/200] Batch 400/938                   Loss D: 0.6207, Loss G: 1.0848
Epoch [150/200] Batch 800/938                   Loss D: 0.4314, Loss G: 1.3729
Epoch [151/200] Batch 0/938                   Loss D: 0.4897, Loss G: 1.5688
Epoch [151/200] Batch 400/938                   Loss D: 0.5782, Loss G: 1.0097
Epoch [151/200] Batch 800/938                   Loss D: 0.4631, Loss G: 1.4108
Epoch [152/200] Batch 0/938                   Loss D: 0.4535, Loss G: 1.7154
Epoch [152/200] Batch 400/938                   Loss D: 0.4303, Loss G: 1.8030
Epoch [152/200] Batch 800/938                   Loss D: 0.4655, Loss G: 1.3464
Epoch [153/200] Batch 0/938                   Loss D: 0.5675, Loss G: 1.2207
Epoch [153/200] Batch 400/938                   Loss D: 0.4631, Loss G: 1.5836
Epoch [153/200] Batch 800/938                   Loss D: 0.5283, Loss G: 1.6966
Epoch [154/200] Batch 0/938                   Loss D: 0.4693, Loss G: 1.5476
Epoch [154/200] Batch 400/938                   Loss D: 0.4063, Loss G: 1.5570
Epoch [154/200] Batch 800/938                   Loss D: 0.4260, Loss G: 1.2987
Epoch [155/200] Batch 0/938                   Loss D: 0.4986, Loss G: 1.4468
Epoch [155/200] Batch 400/938                   Loss D: 0.4552, Loss G: 1.5960
Epoch [155/200] Batch 800/938                   Loss D: 0.5184, Loss G: 1.4340
Epoch [156/200] Batch 0/938                   Loss D: 0.5261, Loss G: 1.3264
Epoch [156/200] Batch 400/938                   Loss D: 0.4558, Loss G: 1.4323
Epoch [156/200] Batch 800/938                   Loss D: 0.4764, Loss G: 1.1053
Epoch [157/200] Batch 0/938                   Loss D: 0.6071, Loss G: 1.3903
Epoch [157/200] Batch 400/938                   Loss D: 0.4909, Loss G: 1.4060
Epoch [157/200] Batch 800/938                   Loss D: 0.4588, Loss G: 1.5786
Epoch [158/200] Batch 0/938                   Loss D: 0.4230, Loss G: 1.3597
Epoch [158/200] Batch 400/938                   Loss D: 0.5566, Loss G: 1.5539
Epoch [158/200] Batch 800/938                   Loss D: 0.5185, Loss G: 1.4541
Epoch [159/200] Batch 0/938                   Loss D: 0.5331, Loss G: 1.8395
Epoch [159/200] Batch 400/938                   Loss D: 0.4435, Loss G: 1.4347
Epoch [159/200] Batch 800/938                   Loss D: 0.4614, Loss G: 1.1931
Epoch [160/200] Batch 0/938                   Loss D: 0.4316, Loss G: 1.4567
Epoch [160/200] Batch 400/938                   Loss D: 0.4074, Loss G: 1.5638
Epoch [160/200] Batch 800/938                   Loss D: 0.5243, Loss G: 1.1081
Epoch [161/200] Batch 0/938                   Loss D: 0.5072, Loss G: 1.3787
Epoch [161/200] Batch 400/938                   Loss D: 0.5473, Loss G: 1.1272
Epoch [161/200] Batch 800/938                   Loss D: 0.5636, Loss G: 1.1060
Epoch [162/200] Batch 0/938                   Loss D: 0.5009, Loss G: 1.3896
Epoch [162/200] Batch 400/938                   Loss D: 0.5282, Loss G: 1.4434
Epoch [162/200] Batch 800/938                   Loss D: 0.5124, Loss G: 1.1244
Epoch [163/200] Batch 0/938                   Loss D: 0.4830, Loss G: 1.2714
Epoch [163/200] Batch 400/938                   Loss D: 0.5844, Loss G: 1.0084
Epoch [163/200] Batch 800/938                   Loss D: 0.4678, Loss G: 1.5841
Epoch [164/200] Batch 0/938                   Loss D: 0.4167, Loss G: 1.3547
Epoch [164/200] Batch 400/938                   Loss D: 0.4947, Loss G: 1.8596
Epoch [164/200] Batch 800/938                   Loss D: 0.4836, Loss G: 1.3647
Epoch [165/200] Batch 0/938                   Loss D: 0.4873, Loss G: 1.3848
Epoch [165/200] Batch 400/938                   Loss D: 0.4984, Loss G: 1.3914
Epoch [165/200] Batch 800/938                   Loss D: 0.4505, Loss G: 1.6313
Epoch [166/200] Batch 0/938                   Loss D: 0.5382, Loss G: 1.4866
Epoch [166/200] Batch 400/938                   Loss D: 0.5348, Loss G: 1.3966
Epoch [166/200] Batch 800/938                   Loss D: 0.4466, Loss G: 1.4007
Epoch [167/200] Batch 0/938                   Loss D: 0.4645, Loss G: 1.3820
Epoch [167/200] Batch 400/938                   Loss D: 0.5663, Loss G: 1.9483
Epoch [167/200] Batch 800/938                   Loss D: 0.4966, Loss G: 1.2237
Epoch [168/200] Batch 0/938                   Loss D: 0.5399, Loss G: 1.1502
Epoch [168/200] Batch 400/938                   Loss D: 0.4697, Loss G: 1.3982
Epoch [168/200] Batch 800/938                   Loss D: 0.4181, Loss G: 1.2586
Epoch [169/200] Batch 0/938                   Loss D: 0.4875, Loss G: 1.6809
Epoch [169/200] Batch 400/938                   Loss D: 0.5742, Loss G: 1.0466
Epoch [169/200] Batch 800/938                   Loss D: 0.4431, Loss G: 1.8777
Epoch [170/200] Batch 0/938                   Loss D: 0.5705, Loss G: 1.3865
Epoch [170/200] Batch 400/938                   Loss D: 0.5077, Loss G: 1.4872
Epoch [170/200] Batch 800/938                   Loss D: 0.5026, Loss G: 1.6079
Epoch [171/200] Batch 0/938                   Loss D: 0.4824, Loss G: 1.7827
Epoch [171/200] Batch 400/938                   Loss D: 0.4597, Loss G: 1.6841
Epoch [171/200] Batch 800/938                   Loss D: 0.5610, Loss G: 1.6540
Epoch [172/200] Batch 0/938                   Loss D: 0.3973, Loss G: 1.3874
Epoch [172/200] Batch 400/938                   Loss D: 0.5330, Loss G: 1.5292
Epoch [172/200] Batch 800/938                   Loss D: 0.4417, Loss G: 1.3578
Epoch [173/200] Batch 0/938                   Loss D: 0.4879, Loss G: 1.3157
Epoch [173/200] Batch 400/938                   Loss D: 0.4258, Loss G: 1.6004
Epoch [173/200] Batch 800/938                   Loss D: 0.4933, Loss G: 1.3694
Epoch [174/200] Batch 0/938                   Loss D: 0.4800, Loss G: 1.2604
Epoch [174/200] Batch 400/938                   Loss D: 0.5035, Loss G: 1.4224
Epoch [174/200] Batch 800/938                   Loss D: 0.5125, Loss G: 1.4944
Epoch [175/200] Batch 0/938                   Loss D: 0.5093, Loss G: 1.1739
Epoch [175/200] Batch 400/938                   Loss D: 0.4959, Loss G: 1.2926
Epoch [175/200] Batch 800/938                   Loss D: 0.4514, Loss G: 1.5530
Epoch [176/200] Batch 0/938                   Loss D: 0.4587, Loss G: 1.4277
Epoch [176/200] Batch 400/938                   Loss D: 0.4792, Loss G: 1.4681
Epoch [176/200] Batch 800/938                   Loss D: 0.4551, Loss G: 1.1766
Epoch [177/200] Batch 0/938                   Loss D: 0.3915, Loss G: 2.0406
Epoch [177/200] Batch 400/938                   Loss D: 0.4768, Loss G: 1.4867
Epoch [177/200] Batch 800/938                   Loss D: 0.5482, Loss G: 1.1564
Epoch [178/200] Batch 0/938                   Loss D: 0.4619, Loss G: 1.5249
Epoch [178/200] Batch 400/938                   Loss D: 0.4365, Loss G: 1.5368
Epoch [178/200] Batch 800/938                   Loss D: 0.4596, Loss G: 1.4955
Epoch [179/200] Batch 0/938                   Loss D: 0.4163, Loss G: 1.5007
Epoch [179/200] Batch 400/938                   Loss D: 0.3992, Loss G: 1.5523
Epoch [179/200] Batch 800/938                   Loss D: 0.4887, Loss G: 1.6146
Epoch [180/200] Batch 0/938                   Loss D: 0.4027, Loss G: 1.5814
Epoch [180/200] Batch 400/938                   Loss D: 0.4596, Loss G: 1.5809
Epoch [180/200] Batch 800/938                   Loss D: 0.4670, Loss G: 1.4766
Epoch [181/200] Batch 0/938                   Loss D: 0.4199, Loss G: 1.5002
Epoch [181/200] Batch 400/938                   Loss D: 0.4768, Loss G: 1.6698
Epoch [181/200] Batch 800/938                   Loss D: 0.4527, Loss G: 1.5808
Epoch [182/200] Batch 0/938                   Loss D: 0.3941, Loss G: 1.8077
Epoch [182/200] Batch 400/938                   Loss D: 0.4230, Loss G: 1.6892
Epoch [182/200] Batch 800/938                   Loss D: 0.4388, Loss G: 1.5114
Epoch [183/200] Batch 0/938                   Loss D: 0.4758, Loss G: 1.0370
Epoch [183/200] Batch 400/938                   Loss D: 0.4952, Loss G: 1.2129
Epoch [183/200] Batch 800/938                   Loss D: 0.3613, Loss G: 1.8990
Epoch [184/200] Batch 0/938                   Loss D: 0.4882, Loss G: 1.6224
Epoch [184/200] Batch 400/938                   Loss D: 0.5468, Loss G: 1.5084
Epoch [184/200] Batch 800/938                   Loss D: 0.5455, Loss G: 1.3525
Epoch [185/200] Batch 0/938                   Loss D: 0.4793, Loss G: 1.4630
Epoch [185/200] Batch 400/938                   Loss D: 0.4420, Loss G: 1.7793
Epoch [185/200] Batch 800/938                   Loss D: 0.5006, Loss G: 1.2146
Epoch [186/200] Batch 0/938                   Loss D: 0.4839, Loss G: 1.5474
Epoch [186/200] Batch 400/938                   Loss D: 0.4369, Loss G: 1.7158
Epoch [186/200] Batch 800/938                   Loss D: 0.4665, Loss G: 1.4741
Epoch [187/200] Batch 0/938                   Loss D: 0.4994, Loss G: 1.4658
Epoch [187/200] Batch 400/938                   Loss D: 0.4471, Loss G: 2.0410
Epoch [187/200] Batch 800/938                   Loss D: 0.4503, Loss G: 1.8022
Epoch [188/200] Batch 0/938                   Loss D: 0.4823, Loss G: 1.2518
Epoch [188/200] Batch 400/938                   Loss D: 0.4766, Loss G: 1.6949
Epoch [188/200] Batch 800/938                   Loss D: 0.4672, Loss G: 1.3765
Epoch [189/200] Batch 0/938                   Loss D: 0.4606, Loss G: 1.3332
Epoch [189/200] Batch 400/938                   Loss D: 0.5211, Loss G: 1.5869
Epoch [189/200] Batch 800/938                   Loss D: 0.4922, Loss G: 1.8159
Epoch [190/200] Batch 0/938                   Loss D: 0.4381, Loss G: 1.1258
Epoch [190/200] Batch 400/938                   Loss D: 0.4988, Loss G: 1.3172
Epoch [190/200] Batch 800/938                   Loss D: 0.4752, Loss G: 1.3936
Epoch [191/200] Batch 0/938                   Loss D: 0.5238, Loss G: 1.4000
Epoch [191/200] Batch 400/938                   Loss D: 0.4363, Loss G: 1.4576
Epoch [191/200] Batch 800/938                   Loss D: 0.4319, Loss G: 1.4865
Epoch [192/200] Batch 0/938                   Loss D: 0.4541, Loss G: 1.2141
Epoch [192/200] Batch 400/938                   Loss D: 0.5076, Loss G: 1.9649
Epoch [192/200] Batch 800/938                   Loss D: 0.3763, Loss G: 1.7172
Epoch [193/200] Batch 0/938                   Loss D: 0.4272, Loss G: 1.3992
Epoch [193/200] Batch 400/938                   Loss D: 0.4218, Loss G: 1.7678
Epoch [193/200] Batch 800/938                   Loss D: 0.4886, Loss G: 1.4440
Epoch [194/200] Batch 0/938                   Loss D: 0.4563, Loss G: 1.5115
Epoch [194/200] Batch 400/938                   Loss D: 0.4053, Loss G: 1.6914
Epoch [194/200] Batch 800/938                   Loss D: 0.4545, Loss G: 2.0136
Epoch [195/200] Batch 0/938                   Loss D: 0.4532, Loss G: 1.3692
Epoch [195/200] Batch 400/938                   Loss D: 0.4109, Loss G: 1.4863
Epoch [195/200] Batch 800/938                   Loss D: 0.5037, Loss G: 2.1170
Epoch [196/200] Batch 0/938                   Loss D: 0.4249, Loss G: 1.5217
Epoch [196/200] Batch 400/938                   Loss D: 0.4515, Loss G: 1.9965
Epoch [196/200] Batch 800/938                   Loss D: 0.4856, Loss G: 1.1111
Epoch [197/200] Batch 0/938                   Loss D: 0.4530, Loss G: 1.7368
Epoch [197/200] Batch 400/938                   Loss D: 0.4397, Loss G: 1.7623
Epoch [197/200] Batch 800/938                   Loss D: 0.5693, Loss G: 1.3577
Epoch [198/200] Batch 0/938                   Loss D: 0.4955, Loss G: 1.4725
Epoch [198/200] Batch 400/938                   Loss D: 0.4847, Loss G: 1.5908
Epoch [198/200] Batch 800/938                   Loss D: 0.4411, Loss G: 1.7294
Epoch [199/200] Batch 0/938                   Loss D: 0.5041, Loss G: 1.7812
Epoch [199/200] Batch 400/938                   Loss D: 0.4947, Loss G: 2.0978
Epoch [199/200] Batch 800/938                   Loss D: 0.4848, Loss G: 1.8401